"VALUE","MEANING"
10,"fir spp."
11,"Pacific silver fir"
12,"balsam fir"
14,"Santa Lucia or bristlecone fir"
15,"white fir"
16,"Fraser fir"
17,"grand fir"
18,"corkbark fir"
19,"subalpine fir"
20,"California red fir"
21,"Shasta red fir"
22,"noble fir"
40,"white-cedar spp."
41,"Port-Orford-cedar"
42,"Alaska yellow-cedar"
43,"Atlantic white-cedar"
50,"cypress"
51,"Arizona cypress"
52,"Baker or Modoc cypress"
53,"Tecate cypress"
54,"Monterey cypress"
55,"Sargent's cypress"
56,"MacNab's cypress"
57,"redcedar/juniper spp."
58,"Pinchot juniper"
59,"redberry juniper"
60,"Drooping juniper"
61,"Ashe juniper"
62,"California juniper"
63,"alligator juniper"
64,"western juniper"
65,"Utah juniper"
66,"Rocky Mountain juniper"
67,"southern redcedar"
68,"eastern redcedar"
69,"oneseed juniper"
70,"larch spp."
71,"tamarack (native)"
72,"subalpine larch"
73,"western larch"
81,"incense-cedar"
90,"spruce spp."
91,"Norway spruce"
92,"Brewer spruce"
93,"Engelmann spruce"
94,"white spruce"
95,"black spruce"
96,"blue spruce"
97,"red spruce"
98,"Sitka spruce"
100,"pine spp."
101,"whitebark pine"
102,"Rocky Mountain bristlecone pine"
103,"knobcone pine"
104,"foxtail pine"
105,"jack pine"
106,"common or two-needle pinyon"
107,"sand pine"
108,"lodgepole pine"
109,"Coulter pine"
110,"shortleaf pine"
111,"slash pine"
112,"Apache pine"
113,"limber pine"
114,"southwestern white pine"
115,"spruce pine"
116,"Jeffrey pine"
117,"sugar pine"
118,"Chihuahua pine"
119,"western white pine"
120,"bishop pine"
121,"longleaf pine"
122,"ponderosa pine"
123,"Table Mountain pine"
124,"Monterey pine"
125,"red pine"
126,"pitch pine"
127,"gray or California foothill pine"
128,"pond pine"
129,"eastern white pine"
130,"Scotch pine"
131,"loblolly pine"
132,"Virginia pine"
133,"singleleaf pinyon"
134,"border pinyon"
135,"Arizona pine"
136,"Austrian pine"
137,"Washoe pine"
138,"four-leaf or Parry pinyon pine"
139,"Torrey pine"
140,"Mexican pinyon pine"
141,"Papershell pinyon pine"
142,"Great Basin bristlecone pine"
143,"Arizona pinyon pine"
144,"Honduras pine"
200,"Douglas-fir spp."
201,"bigcone Douglas-fir"
202,"Douglas-fir"
211,"redwood"
212,"giant sequoia"
220,"baldcypress spp."
221,"baldcypress"
222,"pondcypress"
223,"Montezuma baldcypress"
230,"yew spp."
231,"Pacific yew"
232,"Florida yew"
240,"thuja spp."
241,"northern white-cedar"
242,"western redcedar"
250,"torreya (nutmeg) spp."
251,"California torreya (nutmeg)"
252,"Florida torreya (nutmeg)"
260,"hemlock spp."
261,"eastern hemlock"
262,"Carolina hemlock"
263,"western hemlock"
264,"mountain hemlock"
299,"Unknown dead conifer"
300,"acacia spp."
303,"sweet acacia"
304,"catclaw acacia"
310,"maple spp."
311,"Florida maple"
312,"bigleaf maple"
313,"boxelder"
314,"black maple"
315,"striped maple"
316,"red maple"
317,"silver maple"
318,"sugar maple"
319,"mountain maple"
320,"Norway maple"
321,"Rocky Mountain maple"
322,"bigtooth maple"
323,"chalk maple"
330,"buckeye, horsechestnut spp."
331,"Ohio buckeye"
332,"yellow buckeye"
333,"California buckeye"
334,"Texas buckeye"
336,"red buckeye"
337,"painted buckeye"
341,"ailanthus"
345,"mimosa, silktree"
350,"alder spp."
351,"red alder"
352,"white alder"
353,"Arizona alder"
355,"European alder"
356,"serviceberry spp."
357,"common serviceberry"
358,"roundleaf serviceberry"
360,"madrone spp."
361,"Pacific madrone"
362,"Arizona madrone"
363,"Texas madrone"
367,"pawpaw"
370,"birch spp."
371,"yellow birch"
372,"sweet birch"
373,"river birch"
374,"water birch"
375,"paper birch"
377,"Virginia roundleaf birch"
378,"northwestern paper birch"
379,"gray birch"
381,"chittamwood, gum bumelia"
391,"American hornbeam, musclewood"
400,"hickory spp."
401,"water hickory"
402,"bitternut hickory"
403,"pignut hickory"
404,"pecan"
405,"shellbark hickory"
406,"nutmeg hickory"
407,"shagbark hickory"
408,"black hickory"
409,"mockernut hickory"
410,"sand hickory"
411,"scrub hickory"
412,"red hickory"
413,"southern shagbark hickory"
420,"chestnut spp."
421,"American chestnut"
422,"Allegheny chinkapin"
423,"Ozark chinkapin"
424,"Chinese chestnut"
431,"giant chinkapin, golden chinkapin"
450,"catalpa spp."
451,"southern catalpa"
452,"northern catalpa"
460,"hackberry spp."
461,"sugarberry"
462,"hackberry"
463,"netleaf hackberry"
471,"eastern redbud"
475,"curlleaf mountain-mahogany"
481,"yellowwood"
490,"dogwood spp."
491,"flowering dogwood"
492,"Pacific dogwood"
500,"hawthorn spp."
501,"cockspur hawthorn"
502,"downy hawthorn"
503,"Brainerd's hawthorn"
504,"pear hawthorn"
505,"fireberry hawthorn"
506,"broadleaf hawthorn"
507,"fanleaf hawthorn"
508,"oneseed hawthorn"
509,"scarlet hawthorn"
510,"eucalyptus spp."
511,"Tasmanian bluegum"
512,"river redgum"
513,"grand eucalyptus"
514,"swampmahogany"
520,"persimmon spp."
521,"common persimmon"
522,"Texas persimmon"
523,"Anacua knockaway"
531,"American beech"
540,"ash spp."
541,"white ash"
542,"Oregon ash"
543,"black ash"
544,"green ash"
545,"pumpkin ash"
546,"blue ash"
547,"velvet ash"
548,"Carolina ash"
549,"Texas ash"
550,"honeylocust spp."
551,"waterlocust"
552,"honeylocust"
555,"loblolly-bay"
561,"ginkgo, maidenhair tree"
571,"Kentucky coffeetree"
580,"silverbell spp."
581,"Carolina silverbell"
582,"two-wing silverbell"
583,"little silverbell"
591,"American holly"
600,"walnut spp."
601,"butternut"
602,"black walnut"
603,"northern California black walnut"
604,"southern California black walnut"
605,"Texas walnut"
606,"Arizona walnut"
611,"sweetgum"
621,"yellow-poplar"
631,"tanoak"
641,"Osage-orange"
650,"magnolia spp."
651,"cucumbertree"
652,"southern magnolia"
653,"sweetbay"
654,"bigleaf magnolia"
655,"mountain or Fraser magnolia"
657,"pyramid magnolia"
658,"umbrella magnolia"
660,"apple spp."
661,"Oregon crab apple"
662,"southern crab apple"
663,"sweet crab apple"
664,"prairie crab apple"
680,"mulberry spp."
681,"white mulberry"
682,"red mulberry"
683,"Texas mulberry"
684,"black mulberry"
690,"tupelo spp."
691,"water tupelo"
692,"Ogeechee tupelo"
693,"blackgum"
694,"swamp tupelo"
701,"eastern hophornbeam"
711,"sourwood"
712,"paulownia, empress-tree"
720,"bay spp."
721,"redbay"
722,"water-elm, planertree"
729,"sycamore spp."
730,"California sycamore"
731,"American sycamore"
732,"Arizona sycamore"
740,"cottonwood and poplar spp."
741,"balsam poplar"
742,"eastern cottonwood"
743,"bigtooth aspen"
744,"swamp cottonwood"
745,"plains cottonwood"
746,"quaking aspen"
747,"black cottonwood"
748,"Fremont cottonwood"
749,"narrowleaf cottonwood"
752,"silver poplar"
753,"Lombardy poplar"
755,"mesquite spp."
756,"honey mesquite"
757,"velvet mesquite"
758,"screwbean mesquite"
760,"cherry and plum spp."
761,"pin cherry"
762,"black cherry"
763,"chokecherry"
764,"peach"
765,"Canada plum"
766,"American plum"
768,"bitter cherry"
769,"Allegheny plum"
770,"Chickasaw plum"
771,"sweet cherry, domesticated"
772,"sour cherry, domesticated"
773,"European plum, domesticated"
774,"Mahaleb cherry, domesticated"
800,"oak spp"
801,"California live oak"
802,"white oak"
803,"Arizona white oak"
804,"swamp white oak"
805,"canyon live oak"
806,"scarlet oak"
807,"blue oak"
808,"Durand oak"
809,"northern pin oak"
810,"Emory oak"
811,"Engelmann oak"
812,"southern red oak"
813,"cherrybark oak"
814,"Gambel oak"
815,"Oregon white oak"
816,"scrub oak"
817,"shingle oak"
818,"California black oak"
819,"turkey oak"
820,"laurel oak"
821,"California white oak"
822,"overcup oak"
823,"bur oak"
824,"blackjack oak"
825,"swamp chestnut oak"
826,"chinkapin oak"
827,"water oak"
828,"Texas red oak"
829,"Mexican blue oak"
830,"pin oak"
831,"willow oak"
832,"chestnut oak"
833,"northern red oak"
834,"Shumard oak"
835,"post oak"
836,"Delta post oak"
837,"black oak"
838,"live oak"
839,"interior live oak"
840,"dwarf post oak"
841,"dwarf live oak"
842,"bluejack oak"
843,"silverleaf oak"
844,"Oglethorpe oak"
845,"dwarf chinkapin oak"
846,"gray oak"
847,"netleaf oak"
851,"Chisos oak"
852,"sea torchwood"
853,"pond-apple"
854,"gumbo limbo"
855,"sheoak spp."
856,"gray sheoak"
857,"belah"
858,"camphortree"
859,"Florida fiddlewood"
860,"citrus spp."
863,"tietongue, pigeon-plum"
864,"soldierwood"
865,"largeleaf geigertree"
866,"carrotwood"
867,"Bluewood"
868,"Blackbead ebony"
869,"Great leucaene"
870,"Texas sophora"
873,"red stopper"
874,"butterbough, inkwood"
876,"Florida strangler fig"
877,"wild banyantree, shortleaf fig"
882,"beeftree, longleaf blolly"
883,"manchineel"
884,"false tamarind"
885,"mango"
886,"Florida poisontree"
887,"fishpoison tree"
888,"octopus tree, schefflera"
890,"false mastic"
891,"white bully, willow bustic"
895,"paradisetree"
896,"Java plum"
897,"tamarind"
901,"black locust"
902,"New Mexico locust"
906,"Everglades palm, paurotis-palm"
907,"Florida silver palm"
908,"coconut palm"
909,"royal palm spp."
911,"Mexican palmetto"
912,"cabbage palmetto"
913,"key thatch palm"
914,"Florida thatch palm"
915,"other palms"
919,"western soapberry"
920,"willow spp."
921,"peachleaf willow"
922,"black willow"
923,"Bebb willow"
924,"Bonpland willow"
925,"coastal plain willow"
926,"balsam willow"
927,"white willow"
928,"Scouler's willow"
929,"weeping willow"
931,"sassafras"
934,"mountain-ash spp."
935,"American mountain-ash"
936,"European mountain-ash"
937,"northern mountain-ash"
940,"West Indian mahogany"
950,"basswood spp."
951,"American basswood"
952,"white basswood"
953,"Carolina basswood"
970,"elm spp."
971,"winged elm"
972,"American elm"
973,"cedar elm"
974,"Siberian elm"
975,"slippery elm"
976,"September elm"
977,"rock elm"
981,"California-laurel"
982,"Joshua tree"
986,"black-mangrove"
987,"buttonwood-mangrove"
988,"white-mangrove"
989,"American mangrove"
990,"desert ironwood"
991,"saltcedar"
992,"melaleuca"
993,"chinaberry"
994,"Chinese tallowtree"
995,"tungoil tree"
996,"smoketree"
997,"Russian-olive"
998,"Unknown dead hardwood"
999,"Other or unknown live tree"
5091,"Washington hawthorn"
5092,"fleshy hawthorn"
5093,"dwarf hawthorn"
5491,"Berlandier ash"
6001,"blackbrush wattle"
6008,"porknut"
6009,"Acacia mangium"
6012,"spineless wattle"
6013,"gum arabic tree"
6015,"Acacia polyacantha"
6018,"poponax"
6021,"hollowheart"
6023,"grugru palm"
6025,"baobab"
6026,"wild lime"
6028,"red beadtree"
6032,"Caribbean spiritweed"
6036,"kauri"
6037,"Queensland kauri"
6053,"Aiphanes minima"
6055,"cream albizia"
6056,"naked albizia"
6059,"woman's tongue"
6060,"tall albizia"
6064,"achiotillo"
6066,"palo de gallina"
6075,"Indian walnut"
6080,"palo blanco"
6082,"palo de caja"
6092,"helecho gigante de la sierra"
6093,"Alsophila portoricensis"
6101,"black calabash"
6103,"balsam torchwood"
6106,"anacardium"
6107,"cashew"
6111,"Anadenanthera peregrina"
6114,"cabbagebark tree"
6120,"canelillo"
6124,"Annona cherimola"
6125,"ilama"
6127,"mountain soursop"
6128,"soursop"
6129,"custard apple"
6131,"sugar apple"
6137,"Antidesma bunius"
6146,"placa chiquitu"
6147,"pegwood"
6149,"palo iloron"
6150,"quina roja"
6151,"Puerto Rico quina"
6152,"Sintenis' quina"
6154,"parana pine"
6157,"Norfolk Island pine"
6162,"ausubon"
6163,"mountain marlberry"
6164,"Guadeloupe marlberry"
6165,"China-shrub"
6171,"breadfruit"
6173,"Artocarpus heterophyllus"
6198,"carambola"
6206,"neem"
6216,"common bamboo"
6217,"Puerto Rico palo de ramon"
6219,"Vanderbilt's palo de ramon"
6220,"sea putat"
6224,"Bastardiopsis eggersii"
6226,"Napoleon's plume"
6227,"petite flamboyant bauhinia"
6228,"railroadfence"
6229,"butterfly tree"
6231,"St. Thomas tree"
6232,"mountain ebony"
6233,"slugwood"
6235,"Caribbean myrtlecroton"
6238,"lipsticktree"
6240,"akee"
6247,"parrotweed"
6251,"white alling"
6253,"Bourreria radula"
6255,"bodywood"
6257,"roble de guayo"
6270,"West Indian sumac"
6272,"American brunfelsia"
6273,"Serpentine Hill raintree"
6274,"vega blanca"
6275,"Puerto Rico raintree"
6283,"fourleaf buchenavia"
6284,"gregorywood"
6294,"cafe falso"
6295,"cafe forastero"
6297,"Bunchosia polystachia"
6303,"Buxus laevigata"
6304,"Puerto Rico box"
6306,"Vahl's box"
6308,"maricao cimun"
6311,"Long Key locustberry"
6313,"doncella"
6315,"almendrillo"
6316,"nicker"
6317,"divi divi"
6319,"pride-of-Barbados"
6320,"sappanwood"
6325,"Surinamese stickpea"
6326,"caparosa"
6328,"crimson bottlebrush"
6331,"Callitris columellaris"
6337,"Caloncoba echinata"
6338,"Antilles calophyllum"
6341,"Alexandrian laurel"
6346,"roostertree"
6350,"degame"
6351,"Kiaerskov's lidflower"
6352,"limoncillo"
6353,"Luquillo forest lidflower"
6354,"pale lidflower"
6355,"Puerto Rico lidflower"
6356,"limoncillo de monte"
6358,"Thomas' lidflower"
6359,"myrtle of the river"
6360,"Puerto Rico manac"
6370,"ilang-ilang"
6380,"wild cinnamon"
6383,"burro blanco"
6384,"caper"
6386,"Jamaican caper"
6387,"falseteeth"
6389,"broadleaf caper"
6390,"linguam"
6393,"crabwood"
6395,"papaya"
6402,"rabo de ranton"
6403,"gia verde"
6406,"wild honeytree"
6407,"Guyanese wild coffee"
6410,"crackopen"
6415,"golden shower"
6417,"pink shower"
6418,"apple blossom"
6425,"marbletree"
6427,"goatwood"
6429,"goatbush"
6430,"Panama rubbertree"
6433,"river sheoak"
6434,"beach sheoak"
6439,"Haitian catalpa"
6443,"pumpwood"
6445,"Spanish cedar"
6447,"pochote"
6448,"pochote"
6449,"kapoktree"
6454,"almex"
6457,"St. John's bread"
6468,"lady of the night cactus"
6469,"Cereus hildmannianus"
6474,"day jessamine"
6475,"galen del monte"
6477,"night jessamine"
6481,"jointed sandmat"
6519,"hueso"
6520,"bridgotree"
6521,"white rosewood"
6522,"hueso prieto"
6523,"cabra blanca"
6526,"puntaj jayuya"
6528,"fatpork"
6529,"african teak"
6532,"silk-floss tree"
6535,"icaco coco plum"
6539,"bastard redwood"
6541,"star apple"
6542,"satinleaf"
6543,"camito de perro"
6554,"cassia"
6559,"laurel avispillo"
6560,"avispillo"
6564,"cinnamon"
6565,"juniper berry"
6567,"spiny fiddlewood"
6569,"threespike fiddlewood"
6573,"grapefruit"
6574,"Citrus ?aurantium"
6575,"shaddock"
6576,"citron"
6577,"tangerine"
6581,"Citrus maxima"
6582,"Citrus medica"
6584,"Citrus reticulata"
6631,"haggarbush"
6637,"teta prieta"
6639,"jackass breadnut"
6641,"Clidemia cymosa"
6642,"soapbush"
6644,"Philippine pigeonwings"
6646,"cupeillo"
6648,"Grundlach's attorney"
6650,"cupey de monte"
6651,"Scotch attorney"
6653,"deepwoods fern"
6655,"treadsoftly"
6658,"uvilla"
6660,"whitewood"
6661,"puckhout"
6662,"pale seagrape"
6663,"grandleaf seagrape"
6664,"uvera"
6665,"ortegon"
6666,"uvero de monte"
6668,"Swartz's pigeonplum"
6669,"Bahama pigeonplum"
6670,"seagrape"
6671,"false chiggergrape"
6673,"Coccothrinax barbadensis"
6679,"silk cottontree"
6683,"garden croton"
6684,"Arabian coffee"
6686,"Coffea liberica"
6688,"Cojoba arborea"
6689,"abata cola"
6693,"greenheart"
6700,"Urban's nakedwood"
6705,"poison ash"
6706,"carrasco"
6710,"Luquillo Mountain snailwood"
6711,"Consolea moniliformis"
6712,"Consolea rubescens"
6714,"copaiba"
6728,"Spanish elm"
6730,"muneco"
6731,"red manjack"
6735,"smooth manjack"
6737,"clammy cherry"
6738,"San Bartolome"
6739,"Puerto Rico manjack"
6743,"mucilage manjack"
6746,"nigua"
6747,"azulejo"
6750,"Corymbia citriodora"
6756,"cannonball tree"
6761,"common calabash tree"
6762,"higuerito"
6763,"higuero de sierra"
6765,"Critonia portoricensis"
6767,"maidenberry"
6773,"wild marrow"
6774,"Croton flavens"
6775,"sabinon"
6786,"Japanese cedar"
6788,"Chinese fir"
6790,"wild ackee"
6792,"guara blanca"
6795,"cedar-of-Goa"
6796,"Italian cypress"
6834,"parrotfeather treefern"
6835,"West Indian treefern"
6839,"Jamaican treefern"
6843,"small treefern"
6848,"helecho gigante"
6850,"Cybianthus sintenisii"
6852,"queen sago"
6857,"oreganillo falso"
6862,"swamp titi"
6867,"candletree"
6869,"Indian rosewood"
6871,"burn nose"
6872,"Heller's cieneguillo"
6873,"emajagua de sierra"
6883,"royal poinciana"
6888,"angelica tree"
6889,"palo de vaca"
6896,"chulta"
6899,"Dimocarpus longan"
6909,"black apple"
6912,"Chinese persimmon"
6923,"jaboncillo"
6927,"Florida hopbush"
6930,"Ceylon gooseberry"
6932,"fragrant dracaena"
6937,"cafeillo"
6938,"varital"
6939,"rosewood"
6940,"guiana plum"
6961,"golden dewdrops"
6966,"Dypsis lutescens"
6996,"monkeysoap"
6998,"loquat"
7000,"blacktorch"
7004,"machete"
7005,"coral erythrina"
7006,"crybabytree"
7007,"cock's spur"
7008,"bucayo"
7011,"mountain immortelle"
7015,"tiger's claw"
7016,"tiger's claw"
7019,"swamp-redwood"
7021,"ratwood"
7022,"rufous false cocaine"
7024,"Urban's false cocaine"
7034,"Indonesian gum"
7043,"spotted gum"
7046,"gray ironbark"
7049,"redmahogany"
7053,"Sydney bluegum"
7060,"white stopper"
7061,"blackrodwood"
7062,"Sierra de Cayey stopper"
7063,"guayabota de sierra"
7066,"redberry stopper"
7067,"lathberry"
7068,"lathberry"
7069,"sperry guava"
7071,"serrette guave"
7072,"guasabara"
7075,"smooth rodwood"
7076,"Luquillo Mountain stopper"
7081,"privet stopper"
7084,"birdcherry"
7089,"rockmyrtle"
7090,"Christmas cherry"
7093,"serrasuela"
7094,"sessileleaf stopper"
7098,"Stahl's stopper"
7100,"Stewardson's stopper"
7103,"Underwood's stopper"
7104,"Surinam cherry"
7105,"aridland stopper"
7109,"Mexican shrubby spurge"
7111,"mottled spurge"
7112,"Indian spurgetree"
7113,"manchineel berry"
7116,"Indiantree spurge"
7135,"Caribbean princewood"
7136,"plateado"
7137,"Exostema sanctae-luciae"
7146,"false coffee"
7148,"Jamaican cherry fig"
7149,"Indian banyan"
7150,"weeping fig"
7151,"edible fig"
7154,"brown-woolly fig"
7155,"Indian rubberplant"
7158,"Ficus lutea"
7159,"fiddleleaf fig"
7160,"Chinese banyan"
7162,"tibig"
7164,"amate"
7166,"peepul tree"
7173,"jaguey"
7174,"sycamore fig"
7177,"jaguey blanco"
7184,"governor's plum"
7185,"batoko plum"
7190,"Flueggea acidoton"
7194,"inkbush"
7195,"caca ravet"
7196,"Florida swampprivet"
7198,"oval kumquat"
7202,"West Indian buckthorn"
7206,"shamel ash"
7210,"silkrubber"
7211,"avocado"
7212,"Gourka"
7213,"lemon saptree"
7214,"mangosteen"
7218,"palo de cruz"
7223,"Garcinia xanthochymus"
7231,"llume"
7235,"jagua"
7237,"arbol de Navidad"
7239,"bastard gregre"
7245,"quickstick"
7256,"mata buey"
7258,"grand merisier"
7262,"Creole cotton"
7264,"Gossypium hirsutum"
7268,"Graffenrieda ottoschulzii"
7273,"silkoak"
7279,"lignum-vitae"
7280,"holywood"
7285,"black mampoo"
7286,"corcho prieto"
7288,"alligatorwood"
7290,"American muskwood"
7294,"haya minga"
7295,"haya blanca"
7298,"bastardcedar"
7299,"hammock velvetseed"
7300,"frogwood"
7302,"cucubano de vieques"
7303,"cucubano"
7305,"roseta"
7306,"wild guave"
7309,"cucubano de monte"
7315,"West Indian false box"
7317,"oysterwood"
7321,"bloodwoodtree"
7327,"palo de hueso"
7330,"scarletbush"
7336,"false locust"
7341,"cigarbush"
7347,"screwtree"
7353,"camasey peludo"
7354,"MacFadyen's camasey"
7355,"thinleaf camasey"
7357,"jusillo"
7366,"mago"
7403,"mahoe"
7409,"seaside mahoe"
7410,"shoeblackplant"
7412,"sea hibiscus"
7418,"teta de burra cinarron"
7420,"pigeonberry"
7422,"white cogwood"
7434,"sandbox tree"
7438,"cedro macho"
7442,"stinkingtoe"
7445,"inkwood"
7446,"limestone snakevine"
7455,"dahoon"
7456,"te"
7457,"maconcona"
7458,"Caribbean holly"
7459,"Puerto Rico holly"
7462,"gongolin"
7463,"Sintenis' holly"
7465,"Urban's holly"
7466,"Ilex urbaniana"
7467,"inga"
7470,"sacky sac bean"
7471,"Inga nobilis"
7474,"river koko"
7479,"palo de hierro"
7481,"white jungleflame"
7482,"black poui"
7485,"braceletwood"
7487,"bois bande"
7490,"chirriador"
7491,"Barbados nut"
7492,"wild oilnut"
7493,"coralbush"
7495,"West Indian walnut"
7499,"Khaya anthotheca"
7501,"Senegal mahogany"
7503,"Kigelia africana"
7506,"guest tree"
7508,"Koanophyllon polyodon"
7514,"leadwood"
7530,"cuero de rana"
7532,"crapemyrtle"
7533,"pride of India"
7541,"nino de cota"
7550,"henna"
7552,"Krug's roughleaf"
7556,"pitahaya"
7565,"white leadtree"
7569,"Maria laurel"
7570,"Puerto Rico cinnamon"
7573,"pepperleaf sweetwood"
7574,"Amur privet"
7590,"geno geno"
7591,"geno"
7592,"broadleaf lancepod"
7600,"luehea"
7604,"lunania"
7606,"Lunania ekmanii"
7608,"St. Thomas staggerbush"
7628,"palo de hoz"
7630,"Puerto Rico alfilerillo"
7632,"Maclura tinctoria"
7633,"umbrella-tree"
7635,"Puerto Rico magnolia"
7636,"laurel magnolia"
7643,"Singapore holly"
7644,"Barbados cherry"
7645,"palo bronco"
7646,"wild crapemyrtle"
7647,"cowhage cherry"
7648,"bastard cherry"
7652,"mammee apple"
7662,"bulletwood"
7663,"Surinam bulletwood"
7667,"wild dilly"
7669,"zapote de costa"
7673,"nisperillo"
7674,"sapodilla"
7677,"palo de cana"
7682,"bastard hogberry"
7684,"beruquillo"
7688,"Matayba apetala"
7689,"negra lora"
7695,"Caribbean mayten"
7697,"Puerto Rico mayten"
7698,"white cinnamon"
7699,"ponce mayten"
7702,"Mecranium latifolium"
7717,"Spanish lime"
7763,"aguacatillo"
7764,"cacaillo"
7768,"teabush"
7803,"hairy johnnyberry"
7804,"saquiyac"
7806,"Puerto Rico johnnyberry"
7807,"camasey de costilla"
7808,"smooth johnnyberry"
7810,"camasey cuatrocanales"
7812,"camasey racimoso"
7813,"granadillo bobo"
7814,"auquey"
7815,"ridge johnnyberry"
7816,"camasey felpa"
7817,"peralejo"
7818,"jau jau"
7819,"mountain johnnyberry"
7821,"forest johnnyberry"
7822,"rajador"
7823,"camasey tomaso"
7828,"caimitillo verde"
7829,"Micropholis guyanensis"
7833,"elegant mimosa"
7839,"monodora"
7845,"Morella cerifera"
7847,"Morella holdridgeana"
7849,"Indian mulberry"
7855,"horseradishtree"
7857,"ratapple"
7862,"murta"
7863,"mameyuelo"
7867,"strawberrytree"
7869,"Murraya exotica"
7886,"red rodwood"
7887,"cieneguillo"
7888,"curame"
7889,"guayabacon"
7890,"ausu"
7891,"punchberry"
7893,"twinberry"
7895,"guavaberry"
7905,"cercipo"
7907,"balsam of Tolu"
7911,"leathery colicwood"
7912,"Myrsine cubana"
7932,"Nectandra coriacea"
7933,"shinglewood"
7934,"Nectandra krugii"
7935,"Nectandra membranacea"
7936,"Nectandra patens"
7939,"Nectandra turbacensis"
7940,"saltwood"
7944,"kadam"
7946,"aquilon"
7956,"oleander"
7976,"African bird's-eye bush"
7980,"Ochroma pyramidale"
7990,"laurel espada"
7991,"black sweetwood"
7994,"loblolly sweetwood"
7996,"nemoca"
7997,"laurel sassafras"
7999,"laurel de paloma"
8001,"nemoca cimarrona"
8003,"Wright's laurel canelon"
8020,"peronia"
8027,"pincho palo de rosa"
8029,"chicharron amarillo"
8030,"abey amarillo"
8032,"guanabanilla"
8033,"blacklancewood"
8034,"haya"
8037,"wild chestnut"
8045,"tafetan"
8047,"red cappel"
8049,"Palicourea croceoides"
8051,"showy cappel"
8088,"common screwpine"
8099,"scratchthroat"
8106,"parkia"
8110,"Parkia timoriana"
8111,"Jerusalem thorn"
8113,"cuachilote"
8114,"candle tree"
8121,"Peltophorum pterocarpum"
8125,"butter tree"
8127,"jiqi"
8134,"canela"
8138,"aquacatillo"
8141,"bastard stopper"
8143,"aquilon prieto"
8144,"candlewood"
8157,"Tahitian gooseberry tree"
8160,"gamo de costa"
8162,"Phyllanthus orbicularis"
8164,"Florida bitterbush"
8167,"bitterwood"
8169,"fustic"
8171,"aceitillo"
8173,"Royen's tree cactus"
8175,"allspice"
8177,"bayrumtree"
8178,"bayrumtree"
8183,"Caribbean pine"
8184,"Chinese red pine"
8185,"Merkus pine"
8186,"ocote chino"
8187,"Mexican weeping pine"
8190,"higuillo de hoja menuda"
8191,"higuillo de limon"
8192,"moth pepper"
8193,"Guyanese pepper"
8194,"Jamaican pepper"
8195,"Caracas pepper"
8196,"marigold pepper"
8199,"spanish elder"
8208,"stinkwood"
8211,"corcho bobo"
8216,"water mampoo"
8220,"monkeypod"
8223,"catclaw blackbead"
8249,"Oriental arborvitae"
8255,"chupa gallo"
8266,"nosegaytree"
8268,"Singapore graveyard flower"
8269,"Plumeria obtusa"
8271,"templetree"
8273,"yucca plum pine"
8275,"Poitea florida"
8276,"Poitea punicea"
8279,"violet tree"
8280,"crevajosa"
8284,"geranium aralia"
8300,"cocuyo"
8301,"redmammee"
8302,"bullytree"
8305,"mammee sapote"
8311,"Prestoea acuminata"
8340,"guasimilla"
8342,"jand"
8344,"kiawe"
8346,"West Indian cherry"
8347,"western cherry laurel"
8349,"Prunus serotina"
8352,"false breadnut"
8353,"Florida cherry palm"
8354,"mountain guava"
8356,"guava"
8358,"Psidium longipes"
8359,"Sintenis' guava"
8361,"cachimbo-cumun"
8362,"palo de cachimbo"
8363,"Browne's wild coffee"
8364,"Psychotria domingensis"
8367,"cachimbo grande"
8389,"cachimbo de gato"
8391,"cachimbo de maricao"
8394,"thicket wild coffee"
8395,"floating balsamo"
8397,"hairy wild coffee"
8407,"pterocarpus"
8408,"Burma padauk"
8409,"Malabar kino"
8410,"dragonsblood tree"
8419,"pomegranate"
8422,"swizzlestick tree"
8425,"white indigoberry"
8433,"palo amargo"
8436,"traveler's tree"
8439,"tortugo prieto"
8444,"guama"
8445,"Krug's darlingplum"
8447,"sloe"
8472,"castorbean"
8476,"greenheart ebony"
8478,"Rochefortia spinosa"
8481,"wild sugar apple"
8483,"cordobancillo"
8484,"cordobancillo peludo"
8485,"Juan Tomas"
8489,"Puerto Rico royal palm"
8490,"Roystonea elata"
8494,"Puerto Rico palmetto"
8499,"white hogwood"
8501,"Salix humboldtiana"
8505,"raintree"
8509,"common elderberry"
8511,"Graves oak"
8512,"Mexican white oak"
8513,"Buckley oak"
8514,"Lacey oak"
8529,"wingleaf soapberry"
8533,"gumtree"
8535,"hinchahuevos"
8536,"milktree"
8546,"amansa guapo"
8554,"Florida boxwood"
8556,"guayabilla"
8557,"yuquilla"
8558,"matchwood"
8563,"Brazilian peppertree"
8565,"Brazilian firetree"
8567,"lac tree"
8571,"arana"
8572,"white beefwood"
8573,"gulf graytwig"
8588,"emperor's candlesticks"
8589,"flor de San Jose"
8591,"false sicklepod"
8594,"retama prieta"
8596,"Siamese cassia"
8597,"casia amarilla"
8599,"Senna sulfurea"
8600,"glossy shower"
8605,"vegetable hummingbird"
8611,"espejuelo"
8613,"breakbill"
8614,"Puerto Rico bully"
8617,"simarouba"
8619,"aceitillo falso"
8620,"hoja menuda"
8622,"bullwood"
8623,"motillo"
8624,"bullwood"
8626,"Solanum bahamense"
8627,"mullein nightshade"
8629,"potatotree"
8632,"forest nightshade"
8633,"cakalaka berry"
8634,"tabacon aspero"
8636,"turkey berry"
8644,"African tuliptree"
8649,"Spondias dulcis"
8650,"yellow mombin"
8651,"Anacahuita Texas Olive"
8652,"purple mombin"
8654,"cobana negra"
8664,"Panama tree"
8666,"hazel sterculia"
8674,"palo de jazmin"
8676,"bay cedar"
8678,"mahogany"
8679,"Honduras mahogany"
8683,"nispero cimarron"
8684,"Martinique sweetleaf"
8685,"aceitunilla"
8701,"Syzygium jambos"
8702,"Malaysian apple"
8709,"roble amarillo"
8710,"primavera"
8712,"roble cimarron"
8713,"white cedar"
8715,"roble de sierra"
8716,"pink trumpet-tree"
8717,"roble colorado"
8720,"milkwood"
8727,"Athel tamarisk"
8743,"yellow trumpetbush"
8744,"teak"
8748,"tropical almond"
8750,"troipical almond"
8754,"Ivory Coast almond"
8756,"East Indian almond"
8757,"Peruvian almond"
8761,"superb terminalia"
8762,"saintedwood"
8763,"palo colorado"
8764,"copey vera"
8766,"mamey de cura"
8767,"el yunque colorado"
8768,"masa"
8778,"stinkingfish"
8780,"Puerto Rico clover ash"
8781,"krekre"
8783,"cenizo"
8784,"cacao"
8786,"maga"
8787,"Portia tree"
8789,"luckynut"
8793,"ceboruquillo"
8794,"Puerto Rico ceboruquillo"
8803,"Brazilian glorytree"
8811,"redcedar"
8812,"Australian redcedar"
8816,"boje"
8825,"cold withe"
8828,"Lamarck's trema"
8829,"Jamaican nettletree"
8833,"broomstick"
8834,"gaita"
8836,"bariaco"
8842,"limeberry"
8843,"Triplaris spp."
8844,"ant tree"
8848,"white ramoon"
8850,"muttonwood"
8853,"scratchbush"
8854,"flameberry"
8855,"ortiga"
8861,"voa vanga"
8871,"lilac chastetree"
8873,"higuerillo"
8881,"Wallenia lamarckiana"
8887,"bastard briziletto"
8901,"tallow wood"
8906,"mucha-gente"
8910,"spiny logwood"
8912,"white logwood"
8913,"Schwaneck's logwood"
8916,"aloe yucca"
8918,"moundlily yucca"
8919,"bluestem yucca"
8923,"Maricao pricklyash"
8924,"prickly yellow"
8928,"West Indian satinwood"
8931,"white pricklyash"
8932,"yellow prickle"
8934,"dotted pricklyash"
8935,"niaragato"
8937,"St. Thomas pricklyash"
8938,"Zapoteca portoricensis"
8939,"Indian jujube"
8940,"cacao rojo"
8941,"soana"
8943,"Taylor's jujube"
